City_ID,City,Lat,Lng,Max Temp,Humidity,Cloudiness,Wind Speed,Country,Date
0,nalut,30.3333,10.85,34.39,11,50,5.16,LY,1718057958
1,port-aux-francais,-49.35,70.2167,4.88,79,100,21.1,TF,1718057833
2,puerto natales,-51.7236,-72.4875,1.12,97,100,1.28,CL,1718057842
3,harda khas,22.3333,77.1,33.22,40,100,0.56,IN,1718057959
4,waitangi,-43.9535,-176.5597,10.46,95,100,0.45,NZ,1718057839
5,labrador city,52.9463,-66.9114,16.95,63,75,7.6,CA,1718057864
6,the pas,53.8251,-101.2541,19.01,45,75,4.63,CA,1718057959
7,tofol,5.3248,163.0078,29.88,74,75,3.09,FM,1718057903
8,codrington,-38.2667,141.9667,14.49,67,100,11.72,AU,1718057833
9,spassk,52.747,87.7545,15.42,85,100,0.89,RU,1718057959
10,crane,31.3974,-102.3501,32.63,33,0,1.37,US,1718057641
11,tralee,52.2704,-9.7026,9.29,87,72,1.75,IE,1718057886
12,east london,-33.0153,27.9116,16.59,51,0,3.41,ZA,1718057620
13,atafu village,-8.5421,-172.5159,28.77,76,34,5.56,TK,1718057862
14,college,64.8569,-147.8028,21.97,52,75,1.54,US,1718057839
15,port elizabeth,-33.918,25.5701,14.62,83,0,1.03,ZA,1718057862
16,acapulco de juarez,16.8634,-99.8901,29.9,66,75,7.2,MX,1718057960
17,port mathurin,-19.6833,63.4167,24.34,72,56,9.48,MU,1718057836
18,bilibino,68.0546,166.4372,11.72,54,100,0.95,RU,1718057841
19,lompoc,34.6391,-120.4579,27.79,77,0,6.69,US,1718057854
20,adamstown,-25.066,-130.1015,22.64,81,100,7.45,PN,1718057836
21,uttarkashi,30.7333,78.45,18.07,30,0,2.73,IN,1718057961
22,wamba,8.9333,8.6,24.46,83,67,1.11,NG,1718057961
23,el-tor,28.2364,33.6254,26.08,78,0,6.69,EG,1718057961
24,port shepstone,-30.7414,30.455,15.52,65,0,3.66,ZA,1718057961
25,puerto ayora,-0.7393,-90.3518,29.98,93,43,1.79,EC,1718057850
26,san juan del sur,11.2529,-85.8705,28.59,73,100,3.23,NI,1718057961
27,sinjai,-5.1241,120.253,25.31,84,100,1.69,ID,1718057961
28,blackmans bay,-43.0167,147.3167,12.07,90,100,0.89,AU,1718057837
29,dibba al-hisn,25.6196,56.2729,30.1,46,0,1.04,AE,1718057962
30,zainsk,55.3195,52.0694,19.6,82,25,2.64,RU,1718057962
31,khash,28.2211,61.2158,24.93,12,0,2.03,IR,1718057962
32,funadhoo,6.15,73.2667,28.31,79,90,7.23,MV,1718057962
33,vorgashor,67.5833,63.95,2.11,96,98,1.65,RU,1718057839
34,kaspiyskiy,45.3929,47.3707,23.4,61,60,4.08,RU,1718057962
35,happy valley-goose bay,53.3168,-60.3315,19.17,52,75,6.69,CA,1718057856
36,chela,34.069,104.4619,8.09,68,93,2.48,CN,1718057963
37,abatskoye,56.2875,70.4555,12.67,97,100,4.44,RU,1718057963
38,larkird,35.4894,66.6641,15.31,40,0,0.77,AF,1718057963
39,abepura,-2.6333,140.5833,24.45,100,40,0.51,ID,1718057963
40,altay,47.8667,88.1167,16.13,51,59,1.7,CN,1718057963
41,margaret river,-33.95,115.0667,15.1,63,100,4.47,AU,1718057840
42,lebu,-37.6167,-73.65,12.62,90,100,11.14,CL,1718057726
43,hithadhoo,-0.6,73.0833,28.28,71,100,2.73,MV,1718057842
44,mahibadhoo,3.7833,72.9667,28.52,77,36,6.67,MV,1718057964
45,bataipora,-22.2953,-53.2711,24.54,36,0,1.76,BR,1718057964
46,eyl,7.9803,49.8164,26.92,69,30,11.0,SO,1718057850
47,sherghati,24.5667,84.7833,31.46,30,35,2.34,IN,1718057964
48,georgetown,5.4112,100.3354,27.96,83,20,1.03,MY,1718057711
49,albany,42.6001,-73.9662,17.42,71,75,0.45,US,1718057789
50,isafjordur,66.0755,-23.124,5.5,77,91,1.68,IS,1718057845
51,udachny,66.4167,112.4,17.47,40,59,0.2,RU,1718057837
52,stanley,54.868,-1.6985,7.62,91,75,3.09,GB,1718057837
53,lihue,21.9789,-159.3672,29.58,67,20,6.69,US,1718057843
54,pirallahi,40.4723,50.333,24.08,81,71,7.5,AZ,1718057965
55,san patricio,28.017,-97.5169,35.09,48,100,5.97,US,1718057848
56,seesen,51.9,10.1833,10.95,87,79,6.43,DE,1718057965
57,ad dilam,23.9915,47.1627,34.23,12,0,3.18,SA,1718057834
58,vorkuta,67.5,64.0,2.28,96,100,1.79,RU,1718057876
59,yellowknife,62.456,-114.3525,14.12,88,75,2.06,CA,1718057860
60,grytviken,-54.2811,-36.5092,-8.36,79,44,3.76,GS,1718057839
61,iqaluit,63.7506,-68.5145,1.5,74,75,2.24,CA,1718057847
62,aras-asan,8.8908,126.3033,25.87,84,56,1.63,PH,1718057966
63,betio village,1.358,172.9211,26.02,75,39,4.24,KI,1718057966
64,tiksi,71.6872,128.8694,2.28,82,47,3.53,RU,1718057837
65,punta arenas,-53.15,-70.9167,2.06,93,75,1.54,CL,1718057807
66,papatowai,-46.5619,169.4708,6.79,74,64,8.81,NZ,1718057846
67,kiunga,-6.1219,141.2906,24.05,97,99,1.08,PG,1718057966
68,ust-nera,64.5667,143.2,14.74,35,82,1.21,RU,1718057862
69,ushuaia,-54.8,-68.3,-6.69,95,15,1.69,AR,1718057834
70,tucuma,-0.1833,-50.05,23.62,96,100,2.37,BR,1718057713
71,la passe,45.5549,-0.8967,15.55,83,99,3.71,FR,1718057879
72,arar,30.9753,41.0381,29.01,15,0,4.12,SA,1718057967
73,port saint john's,-31.6229,29.5448,16.4,58,0,2.95,ZA,1718057967
74,karratha,-20.7377,116.8463,18.78,55,0,2.35,AU,1718057967
75,reggane,26.7158,0.1714,38.55,12,6,3.47,DZ,1718057905
76,utrik,11.2278,169.8474,28.39,77,56,9.38,MH,1718057855
77,pemalang,-6.9,109.3667,25.64,85,12,1.69,ID,1718057967
78,san angelo,31.4638,-100.437,32.12,56,0,6.17,US,1718057870
79,madang,-5.2246,145.7966,26.2,92,96,1.34,PG,1718057968
80,ribeira grande,38.5167,-28.7,20.22,77,40,3.09,PT,1718057841
81,bredasdorp,-34.5322,20.0403,14.15,53,100,2.22,ZA,1718057850
82,kuala selangor,3.35,101.25,27.11,97,36,2.12,MY,1718057968
83,preobrazheniye,42.9019,133.9064,18.72,72,62,0.75,RU,1718057968
84,petropavlovsk-kamchatsky,53.0452,158.6483,14.33,86,0,4.47,RU,1718057840
85,mizque,-17.941,-65.3402,19.35,53,3,2.24,BO,1718057968
86,aktau,43.65,51.2,27.32,48,94,3.17,KZ,1718057904
87,warrnambool,-38.3833,142.4833,14.73,66,100,12.56,AU,1718057969
88,tshabong,-26.05,22.45,10.13,40,0,5.7,BW,1718057969
89,tafuna,-14.3358,-170.72,27.97,78,75,7.2,AS,1718057969
90,kingston,17.997,-76.7936,30.65,70,20,10.8,JM,1718057674
91,igarka,67.4667,86.5833,7.79,92,87,2.68,RU,1718057879
92,kolonia town,6.964,158.206,29.06,84,75,4.63,FM,1718057969
93,vadso,70.0744,29.7487,5.49,100,100,7.2,NO,1718057864
94,ormara,25.2088,64.6357,28.17,87,0,6.67,PK,1718057970
95,onega,63.9061,38.1404,7.89,87,18,2.27,RU,1718057970
96,avarua,-21.2078,-159.775,24.03,53,75,3.6,CK,1718057854
97,constantia,44.1833,28.65,22.61,80,61,5.51,RO,1718057648
98,bahir dar,11.5936,37.3908,19.56,80,96,4.09,ET,1718057970
99,iisalmi,63.5592,27.1907,7.14,94,80,2.37,FI,1718057970
100,yeed,4.55,43.0333,24.81,63,37,8.27,SO,1718057970
101,carauari,-4.8828,-66.8958,28.06,74,81,1.12,BR,1718057970
102,caconda,-13.7333,15.0667,12.97,43,5,2.36,AO,1718057970
103,mugia,43.1041,-9.2179,14.95,74,30,8.87,ES,1718057836
104,kilju,40.9642,129.3278,20.74,63,49,0.76,KP,1718057971
105,praia da vitoria,38.7333,-27.0667,20.14,73,40,3.42,PT,1718057856
106,fernley,39.608,-119.2518,33.49,17,1,1.38,US,1718057859
107,nova sintra,14.8667,-24.7167,23.8,81,0,9.68,CV,1718057860
108,alaghsas,17.0187,8.0168,32.14,17,0,4.06,NE,1718057971
109,trail,49.0998,-117.7022,25.54,42,66,1.88,CA,1718057971
110,ilulissat,69.2167,-51.1,2.01,80,40,4.63,GL,1718057840
111,egilsstadir,65.2653,-14.3948,3.95,87,0,4.63,IS,1718057869
112,west island,-12.1568,96.8225,25.99,94,100,7.2,CC,1718057849
113,singkil,-7.9855,111.4161,23.49,94,20,1.7,ID,1718057972
114,bethel,41.3712,-73.414,23.2,57,20,4.63,US,1718057847
115,chonchi,-42.6128,-73.8092,11.18,95,99,3.34,CL,1718057846
116,hawaiian paradise park,19.5933,-154.9731,26.73,71,75,6.17,US,1718057846
117,dzhetygara,52.1908,61.2006,17.23,75,49,3.06,KZ,1718057972
118,anadyr,64.75,177.4833,9.28,61,40,2.0,RU,1718057844
119,shingu,33.7333,135.9833,21.76,72,69,0.66,JP,1718057903
120,rio grande,-32.035,-52.0986,17.06,91,9,3.39,BR,1718057973
121,edinburgh of the seven seas,-37.0676,-12.3116,14.58,76,14,10.33,SH,1718057837
122,namtsy,62.7161,129.6658,17.39,45,90,1.18,RU,1718057878
123,kununurra,-15.7667,128.7333,11.99,87,83,1.03,AU,1718057973
124,perry,37.2506,-83.1999,26.1,60,95,4.27,US,1718057707
125,whitehorse,60.7161,-135.0538,20.45,30,68,5.36,CA,1718057805
126,namibe,-15.1961,12.1522,19.41,87,19,2.88,AO,1718057848
127,alice springs,-23.7,133.8833,4.75,87,0,0.51,AU,1718057850
128,birjand,32.8663,59.2211,18.26,24,0,3.09,IR,1718057974
129,gorgan,36.8387,54.4348,21.98,73,0,0.0,IR,1718057974
130,mount pearl,47.5166,-52.7813,16.19,98,100,3.09,CA,1718057974
131,banda aceh,5.5577,95.3222,27.96,78,100,5.43,ID,1718057848
132,tolanaro,-25.0319,46.9987,20.04,73,40,7.2,MG,1718057851
133,coquimbo,-29.9533,-71.3436,12.77,74,100,0.64,CL,1718057754
134,santa cruz,-17.8,-63.1667,27.61,40,6,4.91,BO,1718057641
135,nieuw amsterdam,5.8833,-55.0833,27.01,94,40,2.06,SR,1718057975
136,peruibe,-24.32,-46.9983,22.42,68,5,2.25,BR,1718057975
137,toliara,-23.35,43.6667,19.13,71,0,7.15,MG,1718057975
138,kitimat,54.0524,-128.6534,15.21,75,100,1.79,CA,1718057975
139,niafunke,15.9322,-3.9906,35.75,26,0,5.0,ML,1718057975
140,urangan,-25.3,152.9,12.89,76,0,3.58,AU,1718057976
141,caleta olivia,-46.4393,-67.5281,7.67,89,100,7.24,AR,1718057976
142,surgut,61.25,73.4167,18.28,48,0,4.0,RU,1718057976
143,new norfolk,-42.7826,147.0587,12.72,87,100,3.8,AU,1718057858
144,lakatoro,-16.0999,167.4164,27.36,77,29,1.26,VU,1718057976
145,port alfred,-33.5906,26.891,17.91,52,0,4.78,ZA,1718057640
146,tura,25.5198,90.2201,25.2,95,11,3.15,IN,1718057899
147,kruisfontein,-34.0033,24.7314,12.16,49,39,3.15,ZA,1718057976
148,nar'yan-mar,67.6713,53.087,3.39,88,8,3.58,RU,1718057855
149,uturoa,-16.7333,-151.4333,25.68,76,67,9.13,PF,1718057852
150,yuzhno-kurilsk,44.0306,145.8556,11.32,93,100,1.95,RU,1718057879
151,invercargill,-46.4,168.35,5.01,93,81,4.47,NZ,1718057843
152,ulsteinvik,62.3432,5.8487,11.53,91,100,4.02,NO,1718057977
153,aasiaat,68.7098,-52.8699,0.96,76,34,4.99,GL,1718057856
154,molchanovo,57.5817,83.7692,10.45,94,1,1.31,RU,1718057977
155,songea,-10.6833,35.65,13.59,79,41,1.85,TZ,1718057977
156,thompson,55.7435,-97.8558,21.28,34,100,2.33,CA,1718057837
157,cannonvale,-20.2833,148.7,20.66,63,88,4.16,AU,1718057978
158,tukrah,32.5341,20.5791,26.42,35,1,1.99,LY,1718057978
159,qaqortoq,60.7167,-46.0333,8.7,76,100,5.16,GL,1718057834
160,sambava,-14.2667,50.1667,20.91,82,6,3.9,MG,1718057978
161,leava,-14.3,-178.1667,27.63,74,48,6.76,WF,1718057712
162,longyearbyen,78.2186,15.6401,5.91,65,0,1.03,SJ,1718057859
163,fale old settlement,-9.3852,-171.2468,29.11,75,56,7.23,TK,1718057858
164,sinabang,2.4803,96.3801,26.31,86,99,2.06,ID,1718057842
165,ciudad melchor muzquiz,27.8833,-101.5167,37.98,37,0,5.53,MX,1718057979
166,beboto,8.2668,16.939,22.45,90,85,0.15,TD,1718057979
167,khadan khak,30.7477,67.7085,21.38,12,2,3.44,PK,1718057979
168,undurkhaan,47.3194,110.6556,14.69,77,26,0.54,MN,1718057979
169,hovd,48.0056,91.6419,18.61,44,39,1.99,MN,1718057979
170,el haouaria,37.05,11.0144,22.01,78,34,1.28,TN,1718057980
171,muroto-misakicho,33.2833,134.15,21.61,80,69,2.0,JP,1718057980
172,lautoka,-17.6167,177.4667,26.92,61,20,2.57,FJ,1718057882
173,ta`u,-14.2336,-169.5144,27.05,78,60,9.65,AS,1718057890
174,kyzyl-mazhalyk,51.1333,90.6,18.28,55,100,0.89,RU,1718057980
175,ilovlya,49.3033,43.9796,18.59,79,38,2.76,RU,1718057980
176,saipan,15.1355,145.701,28.39,83,75,4.63,MP,1718057837
177,cabedelo,-6.9811,-34.8339,25.37,79,22,6.2,BR,1718057980
178,juneau,58.3019,-134.4197,12.0,91,100,6.69,US,1718057981
179,botoroaga,44.1483,25.5447,22.65,72,84,1.87,RO,1718057981
180,zouerate,22.7187,-12.4521,30.29,23,100,7.95,MR,1718057845
181,pisco,-13.7,-76.2167,18.03,82,20,4.12,PE,1718057642
182,birmitrapur,22.4,84.7667,31.23,39,17,0.54,IN,1718057981
183,chakia,26.4167,85.05,30.3,64,2,5.49,IN,1718057981
184,san-pedro,4.7485,-6.6363,24.81,92,100,4.17,CI,1718057981
185,edd,13.9297,41.6925,32.22,56,2,4.09,ER,1718057836
186,okha,53.5739,142.9478,6.25,95,100,4.02,RU,1718057836
187,rio de janeiro,-22.9028,-43.2075,24.0,88,0,1.54,BR,1718057769
188,raduzhny,62.0961,77.475,13.56,67,99,2.16,RU,1718057982
189,sarigerme,36.7155,28.7044,22.73,78,0,1.54,TR,1718057982
190,labytnangi,66.6572,66.4183,5.21,89,43,3.03,RU,1718057775
191,kapuskasing,49.4169,-82.4331,17.4,29,6,4.91,CA,1718057641
192,magole,-6.3667,37.3667,18.05,77,44,0.61,TZ,1718057982
193,nadym,65.5333,72.5167,14.98,61,57,4.68,RU,1718057982
194,vrangel',42.7297,133.0839,16.3,78,11,1.44,RU,1718057983
195,chibougamau,49.9168,-74.3659,10.79,82,100,4.12,CA,1718057891
196,colonia,50.9333,6.95,11.08,81,75,7.72,DE,1718057866
197,hassi messaoud,31.6804,6.0729,37.92,10,1,2.06,DZ,1718057983
198,dwarka,22.2394,68.9678,28.77,79,39,7.68,IN,1718057983
199,chengdu,30.6667,104.0667,23.32,63,100,1.98,CN,1718057790
200,ramadi,33.4226,43.3058,33.45,23,0,3.53,IQ,1718057983
201,attapeu,14.8,106.8333,24.22,99,100,0.65,LA,1718057983
202,kavaratti,10.5669,72.642,28.28,84,100,6.61,IN,1718057864
203,khilok,51.3674,110.4676,11.19,95,11,1.02,RU,1718057984
204,mar del plata,-38.0023,-57.5575,12.27,92,77,0.45,AR,1718057825
205,wainwright,52.839,-110.8572,17.53,64,70,6.8,CA,1718057714
206,prince rupert,54.3161,-130.3201,12.05,79,100,14.4,CA,1718057984
207,val-d'or,48.1002,-77.7828,7.73,78,100,2.57,CA,1718057816
208,banff,51.1762,-115.5698,20.57,34,96,5.14,CA,1718057984
209,mo i rana,66.3128,14.1428,9.62,93,100,1.03,NO,1718057708
210,hamilton,39.1834,-84.5333,18.69,63,100,5.66,US,1718057196
211,salalah,17.0151,54.0924,30.05,84,75,3.6,OM,1718057985
212,macau,22.2006,113.5461,27.89,100,40,2.57,MO,1718057865
213,al ghayzah,16.2079,52.176,29.33,83,45,6.48,YE,1718057985
214,tazovsky,67.4667,78.7,9.99,64,100,5.07,RU,1718057842
215,nishinoomote,30.7333,131.0,23.69,84,100,5.07,JP,1718057985
216,klyuchi,52.2667,79.1667,18.27,88,77,3.03,RU,1718057985
217,mount gambier,-37.8333,140.7667,14.36,88,100,7.05,AU,1718057891
218,karema,-6.8205,30.4389,21.83,66,4,6.62,TZ,1718057985
219,mao,39.8885,4.2658,21.31,94,20,3.09,ES,1718057985
220,jaunpiebalga,57.1833,26.05,9.75,94,70,2.15,LV,1718057986
221,shimoda,34.6667,138.95,21.72,82,79,1.6,JP,1718057986
222,olonkinbyen,70.9221,-8.7187,-1.33,91,84,5.95,SJ,1718057850
223,bozeman,45.6796,-111.0386,23.44,43,75,4.12,US,1718057934
224,flying fish cove,-10.4217,105.6791,25.82,88,100,5.14,CX,1718057845
225,mejit,10.2753,170.8646,28.34,79,63,8.29,MH,1718057848
226,huinca renanco,-34.8404,-64.3758,14.04,40,100,3.92,AR,1718057986
227,conde,-7.2597,-34.9075,24.7,83,0,2.57,BR,1718057986
228,parli vaijnath,18.85,76.5333,23.92,93,100,2.64,IN,1718057987
229,ad dindar,13.2,34.1667,29.07,64,100,2.49,SD,1718057987
230,rongelap,11.1635,166.8941,28.18,84,6,9.66,MH,1718057852
231,buka,40.8108,69.1986,25.76,28,12,1.66,UZ,1718057987
232,rio de oro,8.2919,-73.3849,21.76,89,100,1.3,CO,1718057987
233,wailua homesteads,22.0669,-159.378,29.24,74,20,6.69,US,1718057847
234,aldan,58.6031,125.3894,14.14,75,19,1.09,RU,1718057987
235,la rinconada,37.4873,-5.9826,20.07,78,0,3.6,ES,1718057987
236,broome,42.2506,-75.833,18.17,78,100,3.09,US,1718057835
237,luwuk,-0.9516,122.7875,22.55,92,93,1.66,ID,1718057988
238,badger,64.8,-147.5333,21.93,49,40,1.54,US,1718057835
239,tsiombe,-25.3,45.4833,18.76,68,32,6.67,MG,1718057851
240,karmaskaly,54.3709,56.1837,11.95,76,11,0.75,RU,1718057988
241,monrovia,6.3005,-10.7969,24.87,90,100,6.04,LR,1718057852
242,kotel'nikovo,47.6317,43.1461,21.42,66,44,2.55,RU,1718057988
243,minzhu,43.7286,127.3447,16.22,89,13,1.12,CN,1718057988
244,forster,-32.1667,152.5167,9.05,92,28,1.76,AU,1718057988
245,ola,59.5833,151.2833,11.19,74,100,2.36,RU,1718057877
246,guarapari,-20.6667,-40.4975,22.05,86,56,3.48,BR,1718057888
247,kill devil hills,36.0307,-75.676,25.01,51,0,3.6,US,1718057888
248,iskateley,67.6803,53.1512,3.34,88,6,3.58,RU,1718057856
249,dudinka,69.4058,86.1778,6.49,86,91,3.13,RU,1718057855
250,lisala,2.15,21.5167,21.76,88,73,1.21,CD,1718057989
251,jamestown,42.097,-79.2353,12.79,80,100,4.63,US,1718057724
252,zhangye,38.9342,100.4517,19.66,35,72,2.65,CN,1718057989
253,urzhar,47.093,81.6294,19.49,60,48,2.61,KZ,1718057990
254,hotan,37.0997,79.9269,23.55,29,14,2.68,CN,1718057896
255,cabo san lucas,22.8909,-109.9124,33.17,37,0,4.12,MX,1718057848
256,alesund,62.4723,6.1549,12.09,93,75,4.12,NO,1718057816
257,kolonia,50.9333,6.95,11.08,81,75,7.72,DE,1718057866
258,robertson,36.5167,-86.8667,26.83,55,75,5.14,US,1718057990
259,asaita,11.5636,41.4394,34.34,30,33,2.28,ET,1718057990
260,pointe-noire,-4.7761,11.8635,22.04,100,20,0.0,CG,1718057991
261,mana,5.6592,-53.7767,26.55,86,81,3.68,GF,1718057857
262,tarko-sale,64.9225,77.785,13.78,50,100,4.24,RU,1718057991
263,inarajan village,13.2736,144.7484,29.11,90,100,4.27,GU,1718057991
264,vilyuchinsk,52.9306,158.4028,16.15,76,100,1.81,RU,1718057896
265,le port,-20.9373,55.2919,22.98,74,26,3.24,RE,1718057991
266,saudarkrokur,65.7461,-19.6394,6.09,80,96,1.58,IS,1718057991
267,tokmok,42.8417,75.3016,23.35,32,93,2.74,KG,1718057992
268,nantucket,41.2835,-70.0995,20.61,77,0,8.23,US,1718057713
269,menaka,15.9182,2.4022,35.84,25,47,5.22,ML,1718057992
270,monjaras,13.2006,-87.3742,32.31,69,90,3.96,HN,1718057992
271,rabo de peixe,37.8,-25.5833,17.77,99,40,2.57,PT,1718057992
272,chililabombwe,-12.3648,27.8229,15.76,53,100,3.19,ZM,1718057950
273,hermanus,-34.4187,19.2345,16.56,55,99,4.48,ZA,1718057854
274,tangalle,6.024,80.7911,26.21,88,95,5.11,LK,1718057992
275,luderitz,-26.6481,15.1594,19.32,49,48,1.88,NA,1718057884
276,launceston,-41.45,147.1667,12.97,94,100,11.32,AU,1718057993
277,port lincoln,-34.7333,135.8667,16.2,82,100,8.16,AU,1718057835
278,leh,34.1667,77.5833,6.72,35,71,2.16,IN,1718057993
279,ebon,4.582,168.6964,29.25,77,61,7.11,MH,1718057869
280,puebla,18.8333,-98.0,26.91,27,90,5.24,MX,1718057744
281,usogorsk,63.4106,48.6872,14.81,74,100,4.52,RU,1718057867
282,kodiak,57.79,-152.4072,6.73,100,100,6.17,US,1718057868
283,tchollire,8.4022,14.1698,24.23,78,92,1.34,CM,1718057993
284,vallenar,-28.5708,-70.7581,16.99,41,98,1.8,CL,1718057717
285,harstad,68.799,16.5293,13.66,86,98,2.81,NO,1718057882
286,nagqu,31.5,92.0,4.0,77,2,2.35,CN,1718057994
287,al kharijah,25.4514,30.5464,28.94,16,0,3.32,EG,1718057868
288,rehoboth,-23.3167,17.0833,15.86,41,11,2.53,NA,1718057994
289,los palacios,22.5872,-83.2486,28.01,74,95,5.74,CU,1718057994
290,cabugao,17.7931,120.4578,29.94,82,98,2.38,PH,1718057995
291,keflavik,64.0049,-22.5624,8.95,93,75,5.14,IS,1718057855
292,teguise,29.0605,-13.564,20.12,64,40,5.14,ES,1718057995
293,usinsk,65.9939,57.5281,3.93,91,90,2.68,RU,1718057863
294,yonggwang-up,40.0183,127.4547,20.83,64,4,1.35,KP,1718057995
295,tromso,69.6496,18.957,12.01,71,0,6.17,NO,1718057833
296,nelson bay,-32.7167,152.15,11.11,87,53,0.45,AU,1718057903
297,ambon,-3.6954,128.1814,26.6,95,40,2.06,ID,1718057995
298,sao joao da barra,-21.6403,-41.0511,22.05,83,56,5.35,BR,1718057996
299,mhamid,29.82,-5.72,28.42,16,0,9.45,MA,1718057996
300,shalqar,47.8333,59.6,23.0,45,15,3.79,KZ,1718057996
301,ugoofaaru,5.6667,73.0,28.66,77,84,7.25,MV,1718057901
302,yallahs,17.8748,-76.5624,30.97,78,95,5.13,JM,1718057996
303,nova vicosa,-17.8919,-39.3719,23.35,76,32,2.6,BR,1718057702
304,tazacorte,28.629,-17.9293,21.54,86,75,5.66,ES,1718057996
305,touros,-5.1989,-35.4608,25.55,76,47,6.5,BR,1718057853
306,argo,37.6333,22.7333,25.76,45,12,1.67,GR,1718057840
307,fort bragg,35.139,-79.006,29.95,40,40,1.34,US,1718057867
308,mitsamiouli,-11.3847,43.2844,25.77,69,32,5.25,KM,1718057997
309,akureyri,65.6835,-18.0878,5.96,81,0,3.6,IS,1718057997
310,kasoa,5.533,-0.4224,27.25,88,79,4.73,GH,1718057997
311,talnakh,69.4865,88.3972,6.23,87,33,3.97,RU,1718057867
312,hatillo,18.4863,-66.8254,31.73,77,100,3.58,PR,1718057997
313,canutama,-6.5339,-64.3831,27.09,77,64,0.49,BR,1718057997
314,ceres,37.5949,-120.9577,35.43,32,0,4.12,US,1718057997
315,geraldton,-28.7667,114.6,16.23,88,75,4.12,AU,1718057877
316,vung tau,10.346,107.0843,27.31,76,100,2.73,VN,1718057998
317,new plymouth,-39.0667,174.0833,12.67,100,75,5.87,NZ,1718057998
318,ngawi,-7.4038,111.4461,23.43,90,10,1.64,ID,1718057998
319,sturgeon bay,44.8342,-87.377,17.98,54,1,4.54,US,1718057755
320,milove,49.3787,40.1302,20.67,63,30,2.82,UA,1718057998
321,suva,-18.1416,178.4415,26.71,69,20,5.66,FJ,1718057867
322,massawa,15.6097,39.45,32.36,61,32,2.22,ER,1718057998
323,dryden,49.7833,-92.7503,22.16,23,0,4.12,CA,1718057896
324,kapa'a,22.0752,-159.319,29.99,74,20,6.69,US,1718057806
325,talakan,50.3167,130.3667,15.3,85,57,1.47,RU,1718057999
326,bilao,11.488,122.5599,25.63,90,97,0.63,PH,1718057999
327,nova aurora,-22.8667,-52.5667,23.68,45,1,3.36,BR,1718057999
328,patti,31.2808,74.8572,29.04,18,2,2.02,IN,1718057999
329,belyy yar,53.6039,91.3903,10.94,87,0,1.0,RU,1718057999
330,muzaffarabad,34.37,73.4711,20.93,38,0,2.89,PK,1718057999
331,chui,-33.6971,-53.4616,12.45,95,9,2.51,UY,1718057857
332,fortuna,40.5982,-124.1573,18.29,82,40,5.66,US,1718057888
333,roma,43.2128,-75.4557,14.65,77,100,4.63,US,1718057832
334,moyale,3.5167,39.0584,20.73,67,98,5.08,KE,1718058000
335,mournies,35.4764,24.0092,27.13,57,0,2.06,GR,1718058000
336,chaman,30.9236,66.4512,24.84,9,0,1.4,PK,1718058000
337,pampa,35.5362,-100.9599,21.02,83,100,4.12,US,1718058000
338,sidareja,-7.4846,108.7923,23.94,97,50,0.79,ID,1718058000
339,kirkwall,58.9848,-2.9587,9.03,81,75,8.23,GB,1718058001
340,st. john's,47.5649,-52.7093,16.66,98,100,3.13,CA,1718057871
341,muynoq,43.7683,59.0214,27.48,37,83,4.75,UZ,1718058001
342,lupane,-18.9315,27.807,10.32,57,0,3.49,ZW,1718058001
343,prineville,44.2999,-120.8345,30.06,22,0,2.06,US,1718058001
344,gurun,5.8172,100.4738,25.88,92,100,0.79,MY,1718058002
345,kangding,30.0513,101.9603,13.78,98,100,1.05,CN,1718057838
346,aykhal,66.0,111.5,16.86,47,80,2.6,RU,1718057590
347,santo antonio,-6.3106,-35.4789,23.2,81,5,5.38,BR,1718058002
348,bardai,11.65,7.2333,26.62,67,80,1.72,NG,1718057867
349,khorramshahr,30.4397,48.1664,34.97,33,40,6.17,IR,1718058003
350,tadine,-21.55,167.8833,24.1,76,19,1.3,NC,1718058003
351,jacmel,18.2342,-72.5347,29.25,75,100,4.05,HT,1718058003
352,alofi,-19.0595,-169.9187,25.94,65,40,6.17,NU,1718057712
353,st anne,49.715,-2.2042,11.25,72,26,7.63,GG,1718058004
354,olinda,-8.0089,-34.8553,26.85,74,20,5.14,BR,1718057904
355,hiratacho,35.4333,132.8167,22.98,83,11,1.03,JP,1718058004
356,magdagachi,53.45,125.8,11.14,77,100,2.19,RU,1718058005
357,nosy varika,-20.5833,48.5333,19.41,81,97,5.48,MG,1718058005
358,jertih,5.7336,102.4897,24.05,88,99,1.54,MY,1718058005
359,quellon,-43.1167,-73.6167,10.87,93,100,8.7,CL,1718058005
360,nemuro,43.3236,145.575,10.68,100,100,3.63,JP,1718057651
361,kulim,5.365,100.5618,27.74,95,98,1.64,MY,1718058005
362,tyukhtet,56.5389,89.3011,9.23,96,0,1.55,RU,1718058005
363,marsh harbour,26.5412,-77.0636,29.43,70,67,6.17,BS,1718057840
364,luanda,-8.8368,13.2343,22.3,94,17,3.09,AO,1718057465
365,susuman,62.7833,148.1667,9.99,46,45,0.89,RU,1718057839
366,saint-joseph,-21.3667,55.6167,20.21,81,15,5.85,RE,1718058006
367,aleg,17.0481,-13.9209,32.59,29,35,9.28,MR,1718058006
368,comandante fontana,-25.3345,-59.6821,24.99,51,25,2.28,AR,1718058006
369,pacasmayo,-7.4006,-79.5714,19.69,75,21,6.5,PE,1718057793
370,onokhoy,51.932,108.0747,11.86,88,76,0.79,RU,1718058006
371,souillac,-20.5167,57.5167,24.21,78,40,6.17,MU,1718058007
372,gorredijk,53.0066,6.064,11.1,70,100,6.05,NL,1718058007
373,salekhard,66.53,66.6019,5.22,89,43,2.68,RU,1718058007
374,mezhdurechenskiy,59.6,65.9333,12.7,97,95,1.0,RU,1718058007
375,chardara,41.2547,67.9692,26.93,33,98,4.49,KZ,1718058007
376,puerto armuelles,8.2833,-82.8667,27.27,72,63,1.79,PA,1718057840
377,kwang binh,17.4833,106.6,27.27,76,96,3.06,VN,1718057830
378,callao,-12.0667,-77.15,23.18,68,0,4.63,PE,1718058008
379,garwolin,51.8975,21.6147,17.13,93,100,0.45,PL,1718058008
380,bemidji,47.4736,-94.8803,21.7,39,0,5.14,US,1718058008
381,isla mujeres,21.2311,-86.731,30.09,68,84,6.06,MX,1718058008
382,ghanzi,-21.5667,21.7833,10.35,51,18,4.34,BW,1718058008
383,xining,36.6167,101.7667,9.97,69,99,1.11,CN,1718058008
384,kalkaman,51.9525,76.0211,18.22,88,12,6.78,KZ,1718058008
385,sabha,27.0377,14.4283,32.42,11,0,3.08,LY,1718058008
386,baqubah,33.7485,44.6554,34.84,16,3,3.27,IQ,1718058009
387,tchintabaraden,15.8969,5.7985,35.37,32,1,5.61,NE,1718058009
388,greenville,35.6127,-77.3663,29.01,38,75,0.0,US,1718057647
389,khouribga,32.9333,-6.6,15.86,78,99,6.89,MA,1718058009
390,namakkal,11.2213,78.1652,25.44,79,96,2.72,IN,1718058009
391,huotong,26.8497,119.4181,24.61,97,100,1.68,CN,1718058009
392,vilyuysk,63.7553,121.6247,17.78,49,50,1.79,RU,1718058009
393,sao vicente,-23.9631,-46.3919,30.1,54,5,1.34,BR,1718057872
394,taitung city,22.7583,121.1444,27.15,94,75,0.51,TW,1718057898
395,tughyl,47.7252,84.2063,17.8,77,32,3.51,KZ,1718058010
396,nay pyi taw,19.745,96.1297,24.85,96,100,3.25,MM,1718058010
397,houma,29.5958,-90.7195,31.11,75,75,3.6,US,1718058010
398,kotlas,61.2611,46.6556,12.81,91,82,2.68,RU,1718058010
399,afaahiti,-17.75,-149.2833,25.93,87,99,9.01,PF,1718057854
400,tabuk,17.4189,121.4443,24.21,90,100,1.19,PH,1718058010
401,laghouat,33.8,2.8651,29.49,23,94,6.65,DZ,1718057716
402,malard,35.6659,50.9767,25.1,52,40,10.8,IR,1718058011
403,lang son,21.8333,106.7333,23.47,94,100,0.79,VN,1718058011
404,enewetak,11.3474,162.3373,28.13,82,82,7.56,MH,1718057838
405,caleta de carquin,-11.0925,-77.6267,19.4,77,50,5.09,PE,1718058011
406,lake havasu city,34.4839,-114.3224,40.51,8,8,3.09,US,1718057934
407,andratx,39.5755,2.4202,22.64,87,30,1.5,ES,1718058011
408,fortaleza,-3.7227,-38.5247,28.45,78,20,4.12,BR,1718057916
409,aberdeen,57.1437,-2.0981,7.89,91,75,7.72,GB,1718057887
410,grande prairie,55.1667,-118.8027,18.1,63,75,3.6,CA,1718058012
411,kayangel,8.0823,134.7173,28.99,74,100,4.36,PW,1718058012
412,mazouna,36.1223,0.8987,21.92,50,86,1.54,DZ,1718058012
413,plastun,44.7561,136.2939,17.64,70,89,1.76,RU,1718058012
414,palikir - national government center,6.9248,158.1611,28.47,84,75,4.63,FM,1718057896
415,ad dabbah,18.05,30.95,34.0,12,0,6.64,SD,1718058012
416,howrah,22.5892,88.3103,30.0,89,40,5.14,IN,1718058012
417,bandrele,-12.9067,45.1914,24.86,73,0,4.63,YT,1718058013
418,turbat,26.0023,63.044,29.47,65,2,3.49,PK,1718058013
419,vershino-darasunskiy,52.35,115.5167,9.87,67,93,1.56,RU,1718058013
420,verkhnevilyuysk,63.4453,120.3167,17.1,57,59,1.22,RU,1718058013
421,nova xavantina,-14.6667,-52.35,23.68,50,61,1.22,BR,1718058013
422,kez,57.8979,53.7152,11.86,91,3,1.17,RU,1718058013
423,new kensington,40.5698,-79.7648,18.33,63,73,0.89,US,1718057994
424,salavat,53.3837,55.9077,15.72,80,14,0.18,RU,1718058013
425,swan hill,-35.3378,143.5544,13.59,56,100,4.95,AU,1718058014
426,sisimiut,66.9395,-53.6735,6.26,74,100,1.67,GL,1718057861
427,al mishkhab,31.8042,44.4911,36.35,13,0,7.63,IQ,1718058014
428,crescent city,41.756,-124.2018,22.63,79,0,5.66,US,1718058014
429,turuntayevo,52.2,107.6167,12.05,95,74,0.85,RU,1718058014
430,montepuez,-13.1256,38.9997,17.07,75,11,4.67,MZ,1718058014
431,goure,13.9835,10.2704,29.97,41,34,4.12,NE,1718058014
432,mujiayingzi,42.1167,118.7833,18.4,60,64,2.29,CN,1718058015
433,khatra,22.9833,86.85,33.18,40,29,4.03,IN,1718058015
434,funafuti,-8.5243,179.1942,32.0,74,75,0.51,TV,1718058015
435,gamba,-2.65,10.0,22.61,93,13,2.73,GA,1718057870
436,tezu,27.9167,96.1667,25.42,79,61,1.41,IN,1718058015
437,vatra dornei,47.35,25.3667,15.32,85,100,2.17,RO,1718058015
438,puerto tirol,-27.3722,-59.0821,26.7,73,0,1.54,AR,1718058015
439,atar,20.5169,-13.0499,35.64,20,97,6.29,MR,1718058016
440,alaior,39.9303,4.1404,20.86,94,20,3.09,ES,1718058016
441,yaren,-0.5472,166.916,29.29,71,29,4.74,NR,1718058016
442,lubang,13.8584,120.124,29.6,73,49,1.59,PH,1718058016
443,pudozh,61.8099,36.5345,9.41,76,51,1.79,RU,1718058016
444,bel ombre,-4.6167,55.4167,27.91,83,40,2.57,SC,1718057837
445,huarmey,-10.0681,-78.1522,20.29,76,28,5.0,PE,1718058016
446,katsuren-haebaru,26.3369,127.8719,24.43,100,100,2.57,JP,1718058016
447,puerto santa,-8.9906,-78.6456,19.06,79,34,5.29,PE,1718058017
448,priozersk,61.0393,30.1291,10.61,88,97,2.89,RU,1718058017
449,yeppoon,-23.1333,150.7333,11.81,51,0,2.54,AU,1718058017
450,ondangwa,-17.9167,15.95,18.0,45,21,1.54,NA,1718058017
451,la'ie,21.6477,-157.9253,29.98,65,4,2.24,US,1718058017
452,haiku-pauwela,20.9219,-156.3051,30.12,72,20,10.8,US,1718057833
453,mbandaka,0.0487,18.2603,23.74,74,100,0.93,CD,1718058017
454,papao,-17.75,-149.55,26.82,88,99,9.26,PF,1718058018
455,lagoa,39.05,-27.9833,18.48,74,100,3.32,PT,1718058018
456,motygino,58.1831,94.7592,9.32,96,22,0.45,RU,1718058018
457,cururupu,-1.8283,-44.8683,23.73,95,90,0.5,BR,1718057845
458,jackson,42.4165,-122.8345,32.43,20,0,3.6,US,1718057872
459,jumla,29.2747,82.1838,12.72,39,63,2.25,NP,1718058018
460,sitka,57.0531,-135.33,11.94,76,100,2.06,US,1718057882
461,villa emilio carranza,19.9667,-96.6,31.7,67,100,4.05,MX,1718058019
462,puerto baquerizo moreno,-0.9,-89.6,24.55,78,20,6.69,EC,1718057853
463,yozgat,39.5833,35.3333,13.71,71,0,1.8,TR,1718058019
464,feodosiya,45.0333,35.3833,22.26,57,8,0.99,UA,1718058019
465,lushun,38.8,121.2667,19.12,78,45,5.13,CN,1718058019
466,taulaga,-11.0553,-171.0883,28.61,76,13,7.14,AS,1718058019
467,puerto leguizamo,-0.1934,-74.7819,26.15,96,96,0.84,CO,1718058020
468,idabel,33.8957,-94.8263,26.97,56,20,3.09,US,1718057807
469,mount isa,-20.7333,139.5,5.87,87,1,0.0,AU,1718057843
470,mount dora,28.8025,-81.6445,35.96,54,75,4.12,US,1718058020
471,linxia chengguanzhen,35.6003,103.2064,11.42,44,25,2.06,CN,1718058020
472,gore,-46.1028,168.9436,5.18,85,44,4.34,NZ,1718058021
473,veinticinco de mayo,-35.4323,-60.1727,14.43,63,100,2.76,AR,1718058021
474,changli,39.7042,119.1506,21.23,70,65,1.15,CN,1718058021
475,tabou,4.423,-7.3528,25.65,86,92,4.5,CI,1718058021
476,oamaru,-45.0784,170.9801,6.04,67,8,1.3,NZ,1718058021
477,dubinino,55.6192,89.0911,9.63,94,1,1.13,RU,1718058022
478,raton,36.9034,-104.4391,25.19,38,0,1.54,US,1718058022
479,pyt-yakh,60.7499,72.8582,18.14,62,100,3.46,RU,1718058022
480,zimapan,20.75,-99.35,23.93,58,69,7.63,MX,1718058022
481,knyaze-volkonskoye,48.4642,135.4567,13.19,98,88,3.58,RU,1718058022
482,waddan,29.1614,16.139,33.74,11,0,5.47,LY,1718058022
483,aden,12.7794,45.0367,32.16,58,71,3.85,YE,1718058023
484,barpali,21.2,83.5833,32.71,41,6,2.93,IN,1718058023
485,revda,56.801,59.9303,10.35,92,13,1.92,RU,1718057834
486,avanigadda,16.0215,80.9181,28.86,65,100,5.52,IN,1718058023
487,arkhangel'sk,64.5401,40.5433,9.06,100,0,2.0,RU,1718058023
488,bamboo flat,11.7,92.7167,27.44,84,100,7.38,IN,1718057848
489,angostura,25.3667,-108.1833,33.84,45,0,8.2,MX,1718057831
490,gadzhiyevo,69.2551,33.3362,10.0,90,100,1.27,RU,1718057900
491,booue,-0.0921,11.9385,24.89,79,71,1.06,GA,1718058024
492,severo-yeniseyskiy,60.3725,93.0408,9.21,96,30,0.89,RU,1718057866
493,san miguel siguila,14.9,-91.6167,17.86,94,75,0.0,GT,1718058024
494,indramayu,-6.3264,108.32,26.58,83,25,3.86,ID,1718058025
495,bari sadri,24.4167,74.4667,31.69,36,100,4.21,IN,1718058025
496,rudbar,30.15,62.6,29.47,17,0,2.02,AF,1718058025
497,markala,13.7021,-6.0659,37.07,26,52,2.13,ML,1718058025
498,carnarvon,-24.8667,113.6333,19.83,67,82,4.42,AU,1718057838
499,thohoyandou,-22.9456,30.485,10.13,72,45,1.6,ZA,1718058025
500,arteche,12.2645,125.4048,26.13,90,100,1.04,PH,1718058026
501,odobesti,45.7667,27.05,17.35,94,100,1.05,RO,1718058026
502,olyokminsk,60.3736,120.4264,16.59,58,58,0.73,RU,1718058026
503,kisangani,0.5167,25.2,22.42,69,45,0.41,CD,1718058026
504,nyurba,63.2842,118.3319,17.35,62,77,1.1,RU,1718058026
505,anqing,30.5092,117.0506,22.64,97,87,1.6,CN,1718058026
506,kone,-21.0595,164.8658,25.29,68,53,1.79,NC,1718057890
507,novaya igirma,57.1334,103.9112,10.05,94,66,1.02,RU,1718058027
508,gongju,36.4556,127.1247,19.14,84,1,1.95,KR,1718058027
509,san juan,-31.5375,-68.5364,17.01,35,58,2.77,AR,1718058027
510,kalemie,-5.9475,29.1947,22.25,72,5,5.1,CD,1718058027
511,mabamba,-3.5983,30.5019,15.87,64,73,0.99,TZ,1718058027
512,remire-montjoly,4.9167,-52.2667,26.02,94,0,1.03,GF,1718057847
513,san juan de miraflores,-12.1629,-76.9635,22.32,70,60,4.1,PE,1718058027
514,kavieng,-2.5744,150.7967,28.3,80,100,4.46,PG,1718058027
515,wuhai,39.6647,106.8122,24.62,26,53,3.35,CN,1718058028
516,naracoorte,-36.9579,140.7383,14.78,69,100,7.65,AU,1718058028
517,yueyang,29.3333,113.0919,21.86,97,18,2.2,CN,1718058028
518,claveria,18.6074,121.0832,27.2,84,52,1.86,PH,1718058028
519,i-n-salah,27.1935,2.4607,38.97,10,17,5.55,DZ,1718058028
520,astrakhan,46.3497,48.0408,24.93,53,0,3.0,RU,1718058028
521,jiaojiang,28.6803,121.4428,21.42,96,100,1.05,CN,1718058028
522,camocim,-2.9022,-40.8411,26.64,79,46,4.62,BR,1718058029
523,vallegrande,-18.4897,-64.1069,14.26,80,6,2.11,BO,1718058029
524,togur,58.3631,82.8265,12.3,89,3,2.24,RU,1718058029
525,san rafael del yuma,18.4299,-68.6739,30.11,75,100,3.63,DO,1718058029
526,ermoupolis,37.4423,24.9425,27.39,34,5,2.57,GR,1718058029
527,vanino,49.0869,140.2543,17.18,97,100,1.45,RU,1718058029
528,vernal,40.4555,-109.5287,29.62,27,40,4.47,US,1718058029
529,champerico,14.3,-91.9167,29.15,75,75,4.0,GT,1718058030
530,kol'chugino,56.3,39.3833,17.94,95,98,3.02,RU,1718058030
531,jinghong,21.991,100.7341,22.93,100,100,0.56,CN,1718058030
532,abilene,32.4487,-99.7331,29.54,62,20,4.63,US,1718058030
533,malvan,16.0667,73.4667,25.93,88,100,0.88,IN,1718058030
534,necochea,-38.5473,-58.7368,10.89,78,44,1.49,AR,1718057982
535,businga,3.3333,20.8833,21.75,94,99,0.67,CD,1718058030
536,mitu,1.1983,-70.1733,26.65,85,72,0.77,CO,1718058031
537,oroqen zizhiqi,50.5667,123.7167,13.56,80,52,1.45,CN,1718058031
538,nuku'alofa,-21.1333,-175.2,26.19,69,75,4.63,TO,1718058031
539,magadan,59.5667,150.8,10.85,75,100,1.88,RU,1718058031
540,brumadinho,-20.1433,-44.1997,19.29,57,10,0.62,BR,1718057922
541,sola,-13.8833,167.55,26.71,82,6,2.63,VU,1718058031
542,tocopilla,-22.092,-70.1979,17.99,81,77,3.74,CL,1718058031
543,thurgoona,-36.0451,146.9919,7.59,100,100,3.13,AU,1718058031
544,coronel dorrego,-38.7187,-61.2873,11.97,52,77,0.48,AR,1718058032
545,weno,7.4515,151.8468,29.97,79,75,3.09,FM,1718057892
546,khabary,53.6259,79.5345,16.73,97,100,2.77,RU,1718058032
547,murzuq,25.9155,13.9184,31.55,11,0,3.42,LY,1718058032
548,laojunmiao,39.8333,97.7333,17.69,31,68,3.57,CN,1718058032
549,seydi,39.4816,62.9137,31.83,22,2,7.13,TM,1718058032
550,al faw,29.9776,48.4741,34.0,69,73,2.57,IQ,1718058032
551,el granada,37.5027,-122.4694,32.54,76,75,9.26,US,1718057905
552,port moresby,-9.4431,147.1797,25.78,86,99,2.51,PG,1718057691
553,rikaze,29.25,88.8833,14.67,46,1,2.29,CN,1718058033
554,sao francisco,-15.9486,-44.8644,26.12,45,50,1.76,BR,1718058033
555,lillehammer,61.1146,10.4674,6.41,95,98,2.05,NO,1718058033
556,baiti,13.745,-14.7482,34.48,36,97,3.03,SN,1718058033
557,sakaiminato,35.55,133.2333,22.96,94,20,1.03,JP,1718058033
558,inyati,-19.6756,28.8469,8.7,67,0,5.1,ZW,1718058033
559,hue,16.4667,107.6,27.06,89,40,1.03,VN,1718058033
560,ostersund,63.1792,14.6357,8.25,90,75,5.66,SE,1718058034
561,sol'-iletsk,51.1631,54.9918,19.68,54,27,1.81,RU,1718057881
562,sona,45.4388,10.8255,20.51,79,75,2.06,IT,1718058034
563,kilindoni,-7.9139,39.6668,26.43,70,42,8.74,TZ,1718058034
564,guane,22.2025,-84.0875,29.32,70,93,5.58,CU,1718058034
565,immokalee,26.4187,-81.4173,34.41,70,58,6.32,US,1718058034
566,yanam,16.7333,82.2167,26.51,84,88,1.37,IN,1718058034
567,penal,10.1667,-61.4667,25.96,88,99,4.47,TT,1718058034
568,richards bay,-28.783,32.0377,15.21,81,0,3.17,ZA,1718057859
569,chenzhou,25.8,113.0333,23.97,97,100,1.75,CN,1718058035
570,gurupa,-1.405,-51.64,24.24,99,100,1.58,BR,1718058035
571,trat,12.5,102.5,28.11,98,100,1.04,TH,1718058035
572,prince albert,53.2001,-105.7677,9.14,98,100,3.76,CA,1718057748
573,miramar,25.9873,-80.2323,32.79,72,0,6.69,US,1718058035
574,kailua-kona,19.6406,-155.9956,28.98,80,40,6.69,US,1718057880
575,nicoya,10.1483,-85.452,27.53,86,100,1.59,CR,1718057989
576,mountain home,43.133,-115.6912,28.71,22,0,6.69,US,1718057981
577,snina,48.9886,22.151,17.97,89,90,0.92,SK,1718058036
578,shetpe,44.1667,52.1167,25.57,45,100,3.25,KZ,1718058036
579,muskegon,43.3,-86.1334,21.77,45,0,5.14,US,1718058008
580,arraial do cabo,-22.9661,-42.0278,19.98,94,0,1.03,BR,1718057858
581,ancud,-41.8697,-73.8203,11.2,92,98,6.28,CL,1718057733
582,prakhon chai,14.6059,103.1208,24.82,93,100,4.59,TH,1718058037
583,boma,7.0805,-2.1697,23.84,97,84,2.43,GH,1718058037
584,waynesboro,38.0685,-78.8895,24.39,50,100,2.06,US,1718057761
585,dumbea,-22.15,166.45,23.88,99,66,1.43,NC,1718058037
586,puerto asis,0.5133,-76.5007,27.59,73,83,0.99,CO,1718058037
587,mooroopna,-36.4,145.35,8.63,96,100,5.49,AU,1718058037
588,missoula,47.0166,-113.8009,21.22,33,56,6.83,US,1718057883
589,pangoa,-12.1167,-73.0,25.54,68,18,1.01,PE,1718058038
590,dawei,14.0833,98.2,25.9,89,100,4.53,MM,1718058038
591,vikhorevka,56.1201,101.1636,10.77,89,46,0.59,RU,1718058038
592,at taj,24.2049,23.2857,28.79,15,0,3.41,LY,1718057904
593,buckeye,33.3703,-112.5838,41.96,11,8,3.16,US,1718058038
594,nuuk,64.1835,-51.7216,7.34,100,75,3.6,GL,1718057700
595,sechura,-5.5569,-80.8222,23.07,63,19,7.01,PE,1718058038
